Placement,Name,Score,Time
1,masmaves,134955,48:00.6
2,xing er,135055,47:03.3
3,RandomRain,135290,50:04.7
4,I'm sorry,139525,48:36.8
5,blackberry,148690,70:34.2
6,raspberry,151665,64:01.4
7,Anti-NATO,160455,50:32.5
8,bicker,163975,45:26.7
9,eenies,192350,42:52.8
10,Patthebigmonke,194605,54:17.8
11,Feinberg,194670,67:58
12,g5odaM,199925,65:30.5
13,MKsomething,200765,79:02.2
14,xgg,201080,47:46.8
15,TheProz2006,203620,71:09
16,Tompa,204375,70:38.5
17,--Thefool--,205600,43:54.4
18,MrPlasma,209060,46:07.3
19,sumermonkey,210530,64:14.9
20,L01Y,210950,51:45.1
21,chan,211335,77:24.6
22,Alex,212450,69:43.1
23,SquashMyMouse,212530,66:14.6
24,zuimeng,214455,46:18.9
25,Hopper,216450,38:29.3
26,JALSG,216525,41:36.7
27,Darth Plagueis,217105,40:48.5
28,Nos,220470,12:36.1
29,No_Message,222375,42:28.7
30,Rampatse,223995,43:15.6
31,SupremeAvocado,224025,48:43.2
32,Hyperion,224135,51:29.3
33,Takagi,224325,53:42
34,ILoveThisGame,224420,46:28.4
35,Khaos,224525,54:26.9
36,Calone,225135,47:54.1
37,NIK,226100,71:06.1
38,Trychnos,226125,45:48
39,22Unicore,226895,44:28
40,EOH,227025,54:58.1
41,Player,227335,66:41.8
42,Nidotron,227465,52:45.1
43,moto4ok,227495,49:03.9
44,Algi,227710,41:43.9
45,McMahon,227770,46:32
46,c0ntext,227885,39:49.6
47,Maistas,227885,40:08.7
48,SHEEEEEESH,227890,43:51.9
49,Alec,227890,44:41.8
50,Rain,227905,51:48.1
51,PurpleDolphin49,227905,56:34.7
52,Kronus_qr,227925,45:33.5
53,karu7210,227925,47:00.3
54,Dixu,227925,49:24
55,bell0214,227925,49:44.3
56,gazza_white,227925,55:14.6
57,Punji :),227925,55:36.9
58,Adr3n4lyn,227925,57:47.1
59,Player7916100,227940,41:03.6
60,Bartitex,227975,49:40.5
61,ImToe,228035,60:36.6
62,PSI,228060,47:22.2
63,PeachPanda4409,228060,55:35.7
64,rvcn_47,228075,44:04.3
65,SirMeese,228080,46:29
66,chocbox,228080,53:49.5
67,AtomicHolz,228085,52:37.2
68,Alyserse,228100,46:22.5
69,Amatore,228100,50:04.7
70,NorseVelraptor,228100,58:28.3
71,jacobclang38,228110,46:25.4
72,L A V I N,228115,54:24
73,Player,228140,56:05
74,BitBit,228175,65:35.2
75,Lekro22,228270,44:38.8
76,MelissaFofuras,228275,45:39.1
77,Cha-Suble,228275,50:22.1
78,Vonek,228275,50:57.5
79,Barry lay yt,228275,58:02.3
80,Westvirginia,228420,42:42.4
81,Vert,228445,50:58.4
82,Speed D,228500,55:34.5
83,FireRed,228510,50:22.1
84,BlonsEnjoyer,229405,50:48.3
85,VanBummel,230220,55:50
86,chickenshark,230630,40:53.9
87,Jonat5555,230660,49:14.5
88,flippyfrog_,230695,41:18.4
89,Cerulean,230855,42:52.4
90,SHEEEEEESH,230980,39:17.7
91,paul19991019,231010,52:04
92,The Brady,231090,48:15.3
93,Emmac,231110,43:22.7
94,Diego27kpro,231110,57:36.6
95,TUYU,231130,50:21.5
96,Dzax,231130,51:48.5
97,RezeaL,231130,55:31.5
98,HOYHOY,231180,52:26.5
99,IceAce4088,231225,47:29.4
100,CRYSTLCSTLES,231230,56:52.4
101,NIH,231245,52:51.2
102,Battles2master,231245,52:57.9
103,Brogrammer,231270,47:00.6
104,NichtLars,231290,56:10.1
105,Mr FarmR,231400,57:10.4
106,Geriz,231595,47:13
107,TTV SigwilKat,231830,49:29.8
108,JIMBOB III,231830,54:54.6
109,MonkeLOL,231915,51:33.9
110,Santag,232050,49:24.1
111,Niek065,232265,55:00.1
112,VioletHero3484,233500,47:55
113,Cyrkill,233850,43:08.3
114,Mrqfish,234100,45:27.8
115,Alone,234105,35:17.5
116,Banana_gun101,234255,75:14.9
117,186934,234480,46:53
118,Ballon Bambino,234780,47:12.2
119,publicship,235215,53:58.9
120,Nice,235255,40:45.5
121,Wrath,235545,53:46.4
122,Redfoxyboi,235740,43:40
123,Matrix ;),235915,48:52.8
124,C0nRad,235930,67:42.6
125,IamNotRandy,236330,39:44.6
126,Dracula,236925,41:45.5
127,SpiderDude,237140,43:48.9
128,DANIEL,237400,52:28.1
129,vanillaface,237695,39:15.6
130,Pyro,238595,59:24.2
131,Panserbjorne,238970,36:12
132,DogFriendJan,242120,49:08.3
133,Flame,242155,59:46.2
134,Karma!,242640,42:02.2
135,Tay1232,242815,48:18
136,TecRider,242995,39:14
137,denninosimus,243005,50:24.3
138,ChaCam,243080,53:59.8
139,WarTec,243090,43:09
140,MamaParagonT,243100,49:13.6
141,DomeCanister,243100,50:05.9
142,43Ahmed4344,243115,58:49.6
143,Scott,243175,42:59.1
144,EL,243195,47:25.4
145,Spagublio,243470,51:28.6
146,Monke,243530,53:47.8
147,Lifeissweets,244095,59:38.4
148,Skywalker,244145,55:34
149,Moench,244545,43:01.9
150,Cool Eggs,244550,53:22.8
151,FeedMePi314,244705,47:43.6
152,Ocrotica,245365,52:32.9
153,Jandalf,245405,45:03.6
154,uvclive,245555,38:33.7
155,mathwhizzz2015,245625,51:02.9
156,Scuba Doo,245685,57:55.7
157,Mars,246055,42:36.8
158,Blue_Destroyer,246090,47:19
159,5irL4ffal0t,246090,53:31.8
160,George4tee,246130,48:42
161,cha$,246130,58:24.4
162,Filipus,246225,43:55.6
163,NobleArrgon,246245,58:52.6
164,Psychodelik,246440,49:40.8
165,pearlforx,246460,44:52.3
166,Dart monke,246460,57:46.9
167,Kloster,246550,39:16.1
168,BOMBA,246595,47:15.6
169,SplashyExpert,246700,43:36.5
170,emanolo,246925,49:44.2
171,halo-ali,246930,56:20.9
172,druck3r,247095,47:10.3
173,2632490895,247285,36:04.9
174,HeroicTiger3545,247320,41:51.7
175,LogicLogin,247425,43:31.4
176,MyKoStick,247545,43:57.2
177,ILikeCheese:D,247920,39:30.9
178,Klugeee;,248325,40:40.8
179,YEETUS_S,248445,42:58.3
180,Player,248925,57:56.5
181,NobleSquire3759,249300,51:30
182,IloveNaturez,249755,52:30.3
183,mitashhh,249780,40:32.7
184,Meta_Kirby37,249935,43:15.5
185,Playerzmz100,250485,33:43.5
186,YeetDaNoob,250705,47:51.6
187,RLinfinity,251775,59:31.1
188,SaxDrawing,251905,35:22.2
189,Hunter,252770,41:03.1
190,Jaydenz3,253325,38:18.4
191,song,253375,42:16.6
192,Dihzzy,253470,46:53.9
193,Samurai__Po-,253500,47:33.7
194,METAL FACE,253885,37:13.1
195,Dakota Jackson,254550,40:19.1
196,snk90013,254895,63:28.2
197,--Crosser--,254995,51:32.7
198,VeDAN,255035,33:51.5
199,sss0me,255040,46:10.9
200,Hot Salsa,255080,43:30.2
201,giuliovhr,255210,39:26.3
202,dsero,255485,38:28.8
203,Knopper,255990,51:56.2
204,G-GOAT,256155,36:41
205,Reiva,256558,40:03.6
206,HolyHerb,257395,42:58.4
207,QuintonMaxwell,258315,43:58.6
208,CIRCO*bruNera,258365,12:15.7
209,Pullis,259120,48:02.6
210,Boi,259250,42:56.8
211,saif13128,259290,59:50.3
212,Player3243660,259295,50:25
213,Ciapek,260280,56:19.1
214,cheemzy,260355,46:11.5
215,DeadExecutor,260505,46:33.2
216,TheIvyX,260610,44:07.8
217,TheRacistRacer,260890,53:51.5
218,Player6350819,261030,42:54.7
219,Patman,261530,59:00.5
220,clragon,262795,58:58.8
221,Heartless,263073,43:44
222,9SOW,263260,41:34.7
223,LtChaos18,263505,68:14
224,Shazza,263560,51:19.2
225,EnforcerSmiley,264070,50:30.4
226,SmallPP,264200,51:22.8
227,SaltCrusher,264330,49:20.5
228,PurpleSheRa,264520,60:52.1
229,Kid_W_Pudelku,264535,62:06.9
230,WaltuhhhhWhite,264695,42:29.6
231,HunkBoy,264795,63:33.4
232,RomanBab,265285,36:26.6
233,Leolbp,266140,47:29.3
234,EWIE10,266565,46:01.8
235,Inferno_,266605,37:37.7
236,valenzus,266685,42:49.7
237,000Dartmonkey,267345,43:21.1
238,Khanh_Sky,267445,52:06
239,Will,267485,58:09.6
240,Mr. Teeny,267530,50:06.4
241,CameronD,267585,51:43.6
242,Will,267670,42:36.7
243,Acen,267810,55:08.5
244,Feitosa,267935,54:19.1
245,Dalmian,268105,42:43.6
246,LEGEND1169,268115,40:54.4
247,Xrosschoke,268185,46:47.5
248,bankennkun,268305,50:19.1
249,YoPlayer,268735,33:26.5
250,Brian Metallic,269020,54:49.8
251,MaQrL,269035,59:02.4
252,Clonne,269110,53:36
253,Th3sh1n3r,269274,43:48.8
254,CarpeDalen,269420,33:41.2
255,sBKM Arjuna,269440,55:09.5
256,QuackHab,269675,36:55.8
257,3ric.de,270430,45:51.2
258,SCARYBILLYBOB,270715,51:48
259,Spicy,270760,38:49.9
260,Yalr,271260,66:21.1
261,Poreduess,271385,57:22.5
262,ReaperVoid,271685,39:51.5
263,Jodotflash,271790,38:05.9
264,SHADOW,272390,45:24.9
265,What You Say,272850,53:42.7
266,GreatMonkey2764,272865,46:58.8
267,Viteyx,272890,46:50.8
268,Justin,272920,44:01.1
269,evan,273605,49:40.1
270,Rexter,273690,33:42.1
271,ROY G BIG 19,273710,42:48.7
272,TTYHOG,274140,53:23.6
273,IAmMenkey,274385,52:01.4
274,Player,274735,42:33.4
275,WOR ZOII3 LAK,274790,53:08.1
276,YOOYENZ,274855,56:06.2
277,vicoweigand,274915,44:43
278,finkarush,275670,51:12.1
279,Nub,276010,58:57.9
280,Beearni,276900,55:56.4
281,Azazel,277176,39:25
282,Monk3s_g4lore,278105,36:04.7
283,Chilli,278370,53:37.9
284,AwesomePhoenix,278755,48:41.2
285,SpectralHour,279095,54:14.7
286,waluigi island,279985,46:56.4
287,Robin,281140,59:53.4
288,Player,281380,43:36.5
289,Price,281755,54:48.7
290,_Dejw_,281980,54:04.4
291,NotSure,281995,53:03.5
292,Not a femboy,282820,52:57.2
293,TopPhoenix5606,283155,46:21.8
294,Yeboyantoine,283470,57:19.8
295,digs1985,283665,42:49.3
296,8976543242536,283805,39:49.8
297,prof3ssorzchaos,283895,44:48.7
298,NoArc,284030,57:51.1
299,Bloonbuster,284050,51:49.8
300,Supermonkey,284255,42:05.4
301,CobraV6,284310,61:35.3
302,DiNGA,284875,46:25.4
303,Kralju,284990,37:13.4
304,Cico_87,285190,38:23.7
305,CrabBar,285680,46:50.2
306,xener,285810,57:44
307,VioletHero1760,285910,29:16.2
308,depressao,285965,33:05.5
309,Microscop,286130,48:28.2
310,qouesm,286520,42:10
311,ThaEmprahh,286600,40:30.2
312,SYLAS LOVER,287555,38:46
313,Dpacman,287940,45:24.9
314,Ka4sBaas,287995,46:19.6
315,PeenToyota,288070,40:21.5
316,Fioryn,288570,59:08.4
317,D-Rock,288680,53:45.4
318,WaffleTime!,288815,46:10.5
319,Marc Neugebauer,288825,45:06.6
320,aardcat,289015,43:45.6
321,kubaaau,289030,57:03.1
322,H2,289205,38:46
323,jan.7,289720,54:04.6
324,Janky Joongler,290035,46:46.1
325,Smarty,291360,38:30.4
326,Bfizzy,291720,62:26.1
327,Calvin,291865,46:08.4
328,VioletHero4693,291995,43:03.2
329,R824,292620,54:44.6
330,GOLLUMBOI,292690,48:48.2
331,CaptainMarvelDC,292970,44:09
332,MichaelLalsangpuia,293885,48:40.8
333,XxNinjaBoy85xX,294275,51:53
334,EmmAndEmmz,294370,42:53.3
335,Fadingblitz,294720,58:35.6
336,EpicPlayBlueYT,294880,60:17
337,iceman,295005,54:15.6
338,Shuckle95,295195,51:47
339,Turtlemaxter24,295340,40:55
340,packrun,295780,45:01.4
341,Shaggy,295845,35:46
342,Viiv,295845,42:06
343,minicartar,296075,42:43.4
344,Mr.MieseZeiten,296185,49:31.4
345,jackwilkels28,296220,44:39.1
346,Digestive03,297565,49:13
347,Liam,297750,47:14.4
348,uwu donkus,298545,44:43.6
349,FraiseTagada,298690,51:19.1
350,Blastof,298755,57:43.5
351,MonkeyWizard71,298990,43:36.9
352,Coco,299175,45:12.8
353,Radiieschen,299190,60:15.4
354,Blu,299685,51:21.2
355,Dragonboy,299740,42:04.1
356,Yutub,299850,61:40.8
357,gugu,300125,35:24.8
358,Annco,300168,47:02.8
359,Magickjuan,300175,49:50.6
360,Douga,301370,54:38
361,Kelpo cereal,302150,45:49.7
362,ZETA,302430,46:23.2
363,dthemonkeygod,303675,62:46.5
364,Aekiyra,303695,55:57.2
365,SirToshi,303765,59:27
366,Nighti,303960,50:23.5
367,YT-FynnEbsen,304640,51:04.8
368,Solis,304675,38:37.9
369,Sevigny,305435,54:12.3
370,-ELY-,305775,40:11.4
371,BleakErebus,306215,38:03.1
372,Rafael,306395,43:14.3
373,SpamK,306450,72:01.4
374,Galster,306755,38:57.1
375,Luna,307175,25:15.1
376,deadYui,307570,65:06.1
377,Quentin Sempe,308600,62:45.5
378,Angelina,309015,44:18.6
379,jjl4200,309015,55:17.8
380,Dragoon,309420,60:18.3
381,Spawry,309670,48:44
382,TopWizard7276,309860,39:49.8
383,Oodie,310260,37:12.1
384,Bluesh,310870,32:52.8
385,Ethereal,311500,52:45.1
386,Wasta,311875,41:28.8
387,Nutnon Nathanon,312320,39:44.1
388,Player607785,313400,46:33.5
389,Gover,313470,48:27.7
390,Pivas,314370,66:06.3
391,Ultima66,314890,39:29.2
392,Realityjoust,314930,61:22.9
393,Rock Juice,315625,42:23.8
394,Daniel2298026,316800,47:43.6
395,PurpleDolphin13,317720,44:38
396,Kuta,317750,42:08.1
397,Nub,317860,43:23.2
398,kali,318165,59:00.2
399,Frost1901,318480,46:39
400,Ariq123,318615,38:57
401,UncleNoPockets,318655,51:37.8
402,Randy Latona,319318,47:08.5
403,Traveller2826,319850,55:06
404,............,320995,51:02.1
405,tAdPole,321160,49:59.1
406,KizagiVevo,321830,52:32.4
407,lyonbier5,322495,62:04.2
408,Xerpy,323130,48:51.2
409,mdeschu,324745,39:48.3
410,TheGoogio,326855,52:20.1
411,Failure,326940,39:48
412,X-ray hero,326965,33:15.2
413,rysace,329080,50:07.9
414,asdq495,329225,30:28
415,Cuuf,330310,34:50.8
416,5hrknjtsu Mstr,331045,34:31.8
417,JWill18,332010,48:15.2
418,bill123$$$$$,332635,39:01
419,ContrA,334575,40:58.2
420,limand33,335180,48:05.1
421,Secno,335325,40:52.3
422,Amea,335990,32:31.8
423,MULL4C,336470,43:42.2
424,GigaChad,336690,42:01.9
425,Player,337265,37:25.6
426,Chayfilay,339075,56:27.3
427,LIN001,339175,41:49.2
428,ZU Hasan,339390,41:13.7
429,Jadhen_15,339400,29:54.6
430,JonnyRoestbak,339655,35:12.4
431,Ding Chilling,340000,28:18.6
432,pikguygamerpro,340950,34:33.1
433,NicoYeet,341720,36:55
434,Player,341780,30:07.7
435,SirDodo1887,342020,54:01.4
436,Player,344465,40:48.2
437,Snorrb,344645,35:23.7
438,Patkall,345500,30:38.8
439,WindHover,345610,38:22.2
440,CreepLailai,345685,39:57.8
441,Alexda Pug,348185,43:13.3
442,lawsonke1,348210,59:08.8
443,3062283445,348645,43:34.9
444,GpBAN,349635,34:02.1
445,Hearty Popper,350145,45:43.3
446,Flzrian,351430,57:08.4
447,Mistermin,351490,59:02.8
448,Aequinoktium,353605,30:21.1
449,pllan,353675,49:04.9
450,GD,354500,44:03.3
451,DavidAB__,354505,30:34.9
452,Dogz R Godz,354780,61:33.3
453,Lucky Sheep 646,355915,30:47
454,JustMatMat,358015,32:45.3
455,ReWolverine,359143,37:22
456,Random3226,359835,40:23.2
457,Yimyum,362770,31:13.9
458,Tacosalad,363635,40:45.9
459,Henry,363960,36:35.8
460,Pixelz,364655,38:27.5
461,ZandWish,365470,47:56.9
462,A_Penguin,367025,48:55.5
463,SlickSSB1,367085,40:42.4
464,BonzaiTheHost,367440,62:23
465,1565230107,369160,34:31.2
466,ValiantBadger17,369380,52:10.2
467,_AUT15MO,371660,54:17.7
468,1BV,371785,38:00.3
469,Nidhran,372310,30:00.9
470,<elves>,372470,33:31.7
471,Tebodran,372515,46:17.7
472,4LoMi,372960,41:15.5
473,Goldenboy2287,374960,35:14.5
474,Matimele,375410,29:09
475,Patty Cake,375810,26:21
476,Ape,378125,34:43
477,ProwriterX1,378515,50:05.5
478,Smoldering Seal,378975,53:34.9
479,MrPointFifty,379830,36:48.7
480,Me,381845,51:15.4
481,Maciej,383880,53:35.3
482,Goldnuggets100,384945,30:03.2
483,lanabananarama,387335,28:44.2
484,dcronin4,387630,50:06.4
485,Trix,387665,33:01.6
486,kseees,387980,36:00.1
487,bloonluvr,388090,31:16.2
488,Player,388735,43:04.8
489,ChadGamer33,389085,46:38.4
490,9999os9999,389510,39:59.4
491,Ray1999,390805,34:41.9
492,Redrage,391080,38:58.8
493,DeadBush,391310,33:53.5
494,El Barto,391425,39:15.7
495,br8k,391875,38:38.7
496,A DISPLAYNAME,391950,39:24.5
497,Random Keed,392100,42:58.8
498,Kakakarotcake,393540,20:12.4
499,chopchob,393790,37:53.2
500,Liam,394215,39:28.5
501,Dbtriol,394335,39:51.8
502,Tobler91,395895,34:18
503,fatchiken,396175,36:30.9
504,Player,396680,41:04
505,Magikarp_Gamer,396840,32:09.3
506,PsykomanT,397150,52:21.9
507,Kidd,397800,29:40.1
508,spicybanana,397820,29:53.7
509,Jordan,398675,33:30.5
510,wonder_joy0,399075,48:46.3
511,lazze,399940,39:36.4
512,Jegrath,400670,42:12
513,ryan,400770,36:08.5
514,Straya,401630,26:18
515,PKU_PHY,401950,53:41.3
516,hcaushi,401980,35:48.1
517,Tong Lexuan,402615,34:33.9
518,SF3L,402705,35:27.9
519,steamyapplepie,404535,44:49
520,500kg(OP)noob,405075,42:18.2
521,kke,405560,30:38.4
522,lingdish,407175,35:01.5
523,MugiTheCat,407335,38:53
524,Sleepo,408250,37:12
525,daxiong369,408975,27:37.6
526,Aselole,409150,32:46.2
527,Zwel,409335,39:21.3
528,479290165,409490,45:57.5
529,SomeWabalan,410575,24:34.1
530,satanangelking,410880,29:09.2
531,F4L,410895,32:33.3
532,Tygovanschie,411200,39:34.2
533,Zony,411620,32:02.5
534,xrlylyl,411625,57:09
535,PlonicGaming,414770,26:58.2
536,xton_4,415390,37:32.8
537,RoaringChief42,416175,33:03.4
538,Hash Brown,416450,30:09.3
539,KOA,417015,50:39.7
540,HSH,417050,29:07.6
541,CHenMoOn,417400,35:59.1
542,Player3723172,418235,33:43.8
543,Turbidwine,418790,33:20.4
544,Player,419060,38:36.8
545,AwesomeGem2229,419150,45:01.7
546,Pelagiius,419570,46:49.5
547,Berkano,420190,28:50.8
548,bedjoedan,420710,37:53.9
549,ValiantBadger23,420895,28:35
550,2978710005,421625,20:52.6
551,Teits,422070,41:00.4
552,G3neral51,422690,32:47
553,Jubix,422900,35:41.2
554,Player,425280,32:48.9
555,Suntago,426445,43:26.8
556,Ace3,430410,36:47.4
557,MEZMO,431015,39:06.7
558,XWDIMITRIEWX,431105,42:27.3
559,Ayeccs,433220,33:40.6
560,xiaoxi,433325,35:15
561,Montyy,433570,39:42
562,TripleCakeTime,434795,27:46.9
563,P3YT0N,435725,38:38.9
564,Enyo,438020,48:12.2
565,kingap,438305,34:42.2
566,Tealia,438340,32:55.1
567,kuonoxda,438705,38:20.4
568,Pablo Gnite,438985,46:29.4
569,mrsquie,439370,32:25.2
570,LenyNotFound,439540,25:13.9
571,Octo,439795,30:58.7
572,AyuzZZ,440960,34:14.6
573,Eirik Holt,441105,31:26.8
574,HerdezSalsa,441430,48:00
575,StarrySkyDF3,441710,24:03.7
576,Stinky Cheese,441835,27:19.3
577,CheeseForeskin,442805,34:33.1
578,Tur1n9,443625,39:00.1
579,mendoukusai,443940,32:57.6
580,Michax,443950,41:58.2
581,DocDapper,444300,28:47.3
582,DZ,444540,42:39.4
583,Player,446485,38:09.4
584,skrunkewunk,446495,24:46.1
585,xinxianxiaoyu,446500,36:14.1
586,HypnoBlaze,447465,41:44
587,Klefki98,448285,42:13.9
588,EcoAlpha,448820,39:05.1
589,abcdef420,448905,38:34
590,Furkan Is,449050,40:41.6
591,dinosstratojohn,449490,24:18.6
592,Grim Reaper,450080,22:01
593,qian meng,450340,31:47.8
594,Biznesmenel,451225,17:09
595,VITTI,451940,61:32.4
596,Black Lock,452060,28:29.8
597,PowerDino3773,452510,46:42.2
598,guojia123,453970,36:16.6
599,Marcoarchmage2,454915,32:43.8
600,ZM1955,455005,34:55.8
601,laplacian,456090,24:59.4
602,forlomin,456200,39:53.5
603,Player5905982,456360,41:14.8
604,1173498712,456585,32:14.8
605,M.A.D,456835,36:51.9
606,malygos,458845,35:32.5
607,2889879614,459105,42:35.8
608,Marisco,459690,31:06.4
609,Drexophilia,459945,47:16
610,Player5466223,460795,37:41.2
611,C_wizzy95,460835,36:53.9
612,damian030801,461210,30:39.4
613,Bob Bobowski,461310,27:41.3
614,bknobel,461665,33:11.1
615,mdrouge,462785,28:47.6
616,Pudding,463385,27:37.4
617,Loconch,463845,35:13.3
618,WarrenG1001,463980,38:40.2
619,JordanTCFANN,464005,39:51.2
620,zun,464025,22:58.1
621,also hi,464220,39:50.1
622,940909681,464660,37:51.2
623,Myrrh the maid,465015,33:55.1
624,fattyboomstic,465365,38:53.2
625,_np_np_,465980,29:23.4
626,LULAWS,466275,39:48.8
627,BenTheRevenant,466870,29:06
628,hakka17,467055,48:16
629,Navaness,467200,32:30.8
630,Gerhard,467515,28:05.4
631,Max_Power_HS,467695,40:43
632,Objectsp,468405,43:27.3
633,Mangey,469245,35:01.4
634,Player_0,470485,39:50.3
635,Tea,470815,25:51.8
636,mikaj1,471290,24:46.3
637,bookVa,471305,45:46.3
638,W_w_W_123,471515,32:19.8
639,Mihnea,472543,58:35
640,Robbe,473555,32:48
641,Petrichor,473625,34:08
642,Karbonite,474255,21:13.5
643,wyderp,474260,27:24.4
644,Ares,474505,34:54.7
645,BeegBrownie,474655,35:17.8
646,lancardxx,474720,34:03.1
647,Alpha Ir,475720,30:18.8
648,Exotic Ralsei,476055,46:27.4
649,MrHbaba,477465,34:58.7
650,Tong,477665,42:06.4
651,MonkeyNovice47,478030,33:32.9
652,ZimmyZenny,478865,43:03.1
653,Tony,479310,26:12.6
654,Player,479380,31:56.4
655,Player,479490,33:30.5
656,wuliaodayouxi,479545,31:45.1
657,DC DEMOZ,479970,42:17.2
658,NobleSquire1679,480550,32:56.1
659,Ricardo,480605,38:37.9
660,Kristin,480775,42:45
661,Player6893349,480945,34:58.8
662,Alon22,480950,36:25.4
663,1317729213,481655,34:44.6
664,JakobBi,481800,40:04.7
665,Areyoumonkey,482165,29:27.5
666,krizcillz,482260,40:43.2
667,xxhh233_,482535,29:02.6
668,shuxinbi,483090,30:53.8
669,sheep,483090,33:15
670,Player7446606,483600,31:29.8
671,Matt_B_1977,483750,32:03.1
672,KiwiMaster7226,483970,28:41.8
673,2078273072,485155,29:59
674,EECKLLP,485190,33:16.5
675,ForeverLove,485325,34:34.2
676,Delta_Phoenix,485500,38:21.8
677,PowerDoom,486090,27:34.1
678,wys030416,486560,34:11.1
679,Hell_Spawn,487160,23:12.5
680,Erhe,487165,29:01.5
681,Rainbow Impact,487275,28:17.1
682,kk,487440,36:54.8
683,Lilucida,488140,35:15.6
684,JKLBJv100,488215,36:58.8
685,flyingblade,488420,38:58.5
686,Player,488695,39:17
687,Stinkyboi,489140,41:55.6
688,AAA8859,489370,41:38
689,Lamp bulb,490000,36:00.4
690,kywen,491065,40:05.2
691,Yadocat,491685,45:32.4
692,wn123wn,491885,34:27.2
693,Player2537309,491890,36:43.7
694,41470131,491920,35:25.8
695,Hand Charge Ki,492080,31:56.8
696,jinx13,492245,41:41.6
697,CappuChino,492900,28:49.3
698,buka,493015,35:51.5
699,Mr8k,493525,33:38.3
700,......,493830,43:58
701,bjay23,494030,26:35.3
702,Kirion,494420,28:27.5
703,GertNerd,494715,33:31
704,bgalvey,495085,38:09.3
705,Player3163800,495145,47:08.2
706,Jrod,495300,36:28.4
707,aa b1,496490,39:36.9
708,kdogg8173,496535,38:21.4
709,Captain-Gunfire,497305,36:46.5
710,Astera_TJ,497360,38:10.8
711,Pat,497545,37:38.8
712,TTsWars.URL,498275,33:25.8
713,hellothere225,498480,27:40.2
714,KingThunder14,498765,43:11.6
715,fuubar,499200,29:16.4
716,Soepkippie,499205,35:24.3
717,Maggmare,499530,40:16.1
718,Arthur,499555,34:47.2
719,Hectorino,499670,25:22.8
720,moses9911,500100,46:32.5
721,JeremyGC,500575,43:17.6
722,NR,500840,26:41.4
723,Unelevate,500910,12:30
724,Stench,500975,35:28.2
725,FromTheAsh,501665,41:37
726,BreadyTorus,502060,24:08.2
727,ZZZZZZOVOZZ,502215,43:00.8
728,PowerDino1110,502415,65:57.2
729,Tting,502490,30:41.5
730,PanMat122,503170,38:34.3
731,Plotpoptwist,504415,39:39.5
732,Player,504525,41:03.4
733,Player,504710,38:31.4
734,Tata,504930,36:06.1
735,Player,505095,30:41.3
736,Twayne1Original,505725,34:40
737,Pilo Plo,506275,55:02.1
738,Victor Calleja,506360,34:06.9
739,BM14,506710,32:30
740,Polaris,508025,25:15.2
741,Calin,508210,36:29.3
742,AdroitPioneer61,508440,28:15.2
743,Brucemen,508710,37:08.3
744,Korpisoturi FI,509115,37:26.6
745,ActualAnt,509175,27:02.4
746,qushui,509215,48:45.9
747,llwraw,509395,47:25.4
748,frank_dadou,509885,37:16.6
749,Scylaceus,510080,29:38.3
750,Bra-silien,510775,36:08.4
751,Cameronsmoothie,511010,38:22.2
752,lpsz,511125,30:13.2
753,Wily Bit,511560,36:42.5
754,Sparky,511640,48:24.4
755,Player,512035,33:21.3
756,txcrn,512500,23:21.6
757,circle stats,512995,43:18.7
758,Khaled,513550,29:37.4
759,Jus_Aim_Bot,513715,30:47.2
760,Zaphenzo,514055,30:32.5
761,NorikPetro,514475,41:46.8
762,Hartmut,514720,33:30
763,Mast,515660,47:45
764,Genio250,516125,42:37.4
765,Jaws8,516345,50:07.7
766,only wizard,518170,36:45.8
767,Ueberking Nico,518280,34:47.8
768,zhaoeither,518925,38:19.4
769,Jacob Knopf,519235,35:42.2
770,Nekohachi,519805,34:25.9
771,Player,520175,34:30.8
772,Phyzzicist,520655,37:54.9
773,MikeJOOOOONES,520930,45:51
774,Gildalf,521770,51:35
775,PlasmaHD,522035,42:16.1
776,Lithusei,522055,35:18.2
777,Kylo.,522065,38:03.3
778,Kat,522130,28:52.7
779,itkamb011,522400,29:02.8
780,PogbaChan,522635,31:29.7
781,BonzieC5303,523625,36:47.7
782,Bshizzle,524380,33:05.8
783,Mert,524555,29:51.2
784,IKUNAGA,524825,35:09.4
785,Ultim8Attack,524955,37:53.9
786,DerRudi,525185,44:38.6
787,WILLDENPLAYS,525605,37:17.5
788,CookieGamer0,526155,20:26.1
789,lumokr,526265,27:30.4
790,Tsunamy,526365,37:28.8
791,Robert RanDeng,526760,37:41.6
792,Tatsuya,527410,36:14.8
793,Oromoss,527890,43:33.9
794,Sealslicer,527980,38:35.5
795,Nelithexe,528210,30:57.9
796,AmberLeader800,528365,25:13.8
797,Colonel Dusty,528835,35:59
798,ShuddaPudda,528870,20:29.8
799,Mr McDunkin,529975,32:53.6
800,winlem,530035,22:18.4
801,aiqingketianle,530305,35:47.9
802,the panda,530910,31:26
803,hunt starr,531290,34:45.5
804,Blitzo 64,532335,38:15.5
805,Player3374776,532400,31:05.5
806,OliveKnight3770,532475,41:10.3
807,Player,535440,33:23.2
808,muha99,537990,35:49.3
809,Philippe_fiffi,539250,32:26.6
810,MeowSummon,539370,33:28.6
811,Raffaroni,540330,40:57.8
812,Luffy,541325,33:08
813,T.Tv_Firefly,541730,32:35
814,UnarmingData,542940,32:17.8
815,Chimpsking,544155,28:47.5
816,itex1,544345,29:41.1
817,KotalKatil,545595,35:50.1
818,AnagramAxle,547295,46:23.8
819,Vatusito,547425,40:19.7
820,derfloh42,547845,32:54.8
821,Nico-flas,548345,46:36.1
822,2059496588z,548420,35:18.5
823,Crazed,549050,38:12.1
824,Kerone,549195,26:49.7
825,xianren,549330,36:03.1
826,Oliver,549495,49:38.6
827,Brandonadragna,550195,47:48.9
828,Halder,552250,28:11.2
829,Baconator,552520,31:16.8
830,341687864,552550,29:25.4
831,DaMonke,552636,38:22.8
832,Player1320014,552875,12:32.7
833,Bsbisa,553160,29:33
834,Redstonetechnig,553455,18:41.2
835,BrockNRoll,554665,34:47.3
836,Booster Gold,555075,49:03.2
837,Lunar Lemon,555280,36:55.5
838,Triggered,556365,28:23.5
839,yak40773,556780,31:50.4
840,Miki,557065,28:49
841,Logic_bs,557070,41:55.6
842,Nugget0797,557275,36:53.5
843,dayu-an,557350,32:44.6
844,IM_JUST_GAMIN,557455,28:36.4
845,Huan_Shadow ioi,557785,29:17
846,Olli09Bon,559010,28:43.1
847,1401,559670,36:45.4
848,SojuBotle,565165,20:06.9
849,blacksunseven7,565515,32:16.6
850,JonnyDuckGaming,566180,39:49
851,Louis,566355,30:00.3
852,COOLTEEN,566790,33:18.8
853,BananaLegend376,567350,34:19.2
854,Meter Grouwcj,567890,31:30.5
855,Frank,568135,49:01.7
856,No,568575,31:00.5
857,Christopher,568615,33:05.8
858,hanhanpp,568655,35:55.8
859,Devill,568950,33:38.2
860,gezi,569265,42:39.3
861,IcePhoenix3801,569350,41:27.9
862,tommygun,569775,43:43
863,ragfin,570520,32:28.9
864,SpaceViper,572620,31:39.2
865,MrDoNDoN,572665,32:48.8
866,Thechuch,573725,30:55.2
867,Dr. P.P pooman,574410,32:47
868,qian mo,574815,40:26.1
869,Introlyse,574880,38:50.5
870,HDEC,575815,35:15.2
871,Gustavo,576000,27:43.9
872,oliver.schnabl,576850,47:00.3
873,Player,577495,33:09.9
874,fantasycat,577840,28:10.1
875,Player,578940,28:58
876,Buford,579345,40:20.4
877,MTx__12899,579460,33:22.1
878,Reeeee kid,580345,39:25.3
879,Lightening,580820,41:28
880,noahbackes2,580840,24:08.5
881,Pengun,582990,30:02.8
882,Cat in hat,583600,27:45.8
883,Player3332158,584250,21:59.2
884,Totenmeister,584400,38:05.4
885,KkonaUkko,584645,38:31.2
886,Dawid,584735,47:31.2
887,Reasons why,585220,38:39.4
888,edward612,585675,29:35.4
889,monkey master,585745,42:28.7
890,bond2501,586675,47:42.4
891,Runa,587265,36:12.8
892,1369523897,587265,40:16.9
893,wildcat90z,589430,37:37.4
894,DartWizard6522,589455,38:18.4
895,MaxiMu,590490,32:03.7
896,Player3258512,590665,51:59.2
897,Hugsy,591740,42:13.6
898,SierGamin,592750,36:11.1
899,Oak,593295,31:32.7
900,Bot ja,593745,40:45.3
901,WiderLizard101,594025,33:21.5
902,Player8414004,595075,30:12.1
903,madelyn,595585,33:02.5
904,andreas-dammann,595625,40:55
905,Lovis,595810,20:17.9
906,BICMAC2.0,595850,34:55
907,EliteMaster2004,597160,42:34.3
908,Player,597200,29:23.7
909,HansFreibier96,597880,33:26.9
910,Hamster,598315,29:50.8
911,WhalersSupreme,598630,41:11.2
912,Onezipshot,599570,24:49.1
913,Gondolithim,602990,39:44
914,MIKI_MIKALE,603510,35:44
915,Txkuerbiskopf,603675,29:30.9
916,Aahmed220403,603830,31:12.5
917,valak,604260,34:28.5
918,kfbui454,604550,29:45
919,Chronos,605130,33:45.9
920,krasi093,605560,29:36.6
921,GenerativeWit40,606010,28:51.4
922,Guz00,606105,37:23
923,Stizz13,607055,31:26.6
924,IFC: Grinding,607450,33:13.8
925,Injury-prone,607525,37:52.6
926,Kooatree,607900,41:15.4
927,Thrower,608000,29:56.9
928,Evan,608055,31:25.6
929,WanTsuSure,608340,29:40.4
930,Derek,608835,31:43
931,wclei,609040,46:49.8
932,etihw,610475,21:02.6
933,PlayerOne,611565,37:57.5
934,theboss7345,612865,30:56.2
935,DiscoTormod,613205,39:17
936,Illumimonkey,614625,49:05.5
937,Kival Evan,615110,33:27.3
938,XDragonSlayerX,615280,22:36.2
939,Banzai,616485,33:33.3
940,twitch s0ccerG,616660,27:42.2
941,Caetano,618280,34:55.8
942,dempsey,618440,27:49.8
943,ZRJ,618605,26:30.5
944,Kitten,619500,33:23.3
945,xParaFaux,619675,35:36.1
946,YisusKrusty,620180,27:31.4
947,HarborLee1992,622630,37:59.2
948,Scroncy21,624105,38:34.3
949,Cowking22,624345,30:49.4
950,Skelett8,624610,29:59.7
951,Mengxinxiaobai,624625,34:12.6
952,Laurenz,624900,48:19.2
953,JAQ,625385,36:20.6
954,lncht_mn,625640,39:01.3
955,sysra,627353,53:26.8
956,YT: PRO BTD,628045,41:23.6
957,Sage <3 Ventus,628080,18:32.6
958,Marcin,628300,42:13
959,Orange,628460,33:48.2
960,asdf123456,628905,33:30.9
961,Player,629190,30:10.5
962,TASPotato31469,629270,22:03.9
963,iRelaxyy,629505,39:35.3
964,Green_X2,630070,25:18.5
965,Dr.ShadowFly,630220,27:38.9
966,ALL_INSTAS!!!,631150,28:54.1
967,kylieee,631195,27:48.5
968,Matt Axelson,631740,36:51.5
969,paar,631795,50:31.3
970,Redy the bird,631945,30:01
971,iopus12,632505,22:30.9
972,baochf,634245,44:16
973,k,634675,32:32.5
974,LeFlyathon,635265,38:35.7
975,0025,635820,35:51.3
976,King Arthur,635945,32:47.2
977,TheSumat,637145,20:44.3
978,ThursREE,637155,26:54.8
979,Phone died boo,637495,45:11.8
980,Cheese,637560,26:08.7
981,hui,639130,33:13
982,zyxw115,639165,25:19.8
983,ltz,639485,38:50
984,Finn,639625,43:18.1
985,Vincent,640230,39:16
986,Player,640540,35:50.9
987,Acatatu78,642175,39:08.6
988,The Queen,643075,35:01.5
989,BloontoniumYT,643670,20:54.1
990,Kelo,644100,34:53.1
991,Eyuayui,644375,43:01.2
992,tidus,644756,32:38.2
993,coolblues,644855,30:05.6
994,Reinsch,646505,32:52.4
995,kitchensensei,647440,42:55.2
996,DartElite6487,647660,24:11.3
997,noova,647795,20:37.4
998,ThatGuyPerson,648365,32:11.2
999,dmstanczyk,649160,56:46.2
1000,Braces,649300,19:45.2
